"Year","Region_Name","Region_ID","Heatwave_Count","Mean_Duration","Mean_Intensity"
1980,"E Midlands",1,0,0,0
1981,"E Midlands",1,0,0,0
1982,"E Midlands",1,0,0,0
1983,"E Midlands",1,0,0,0
1984,"E Midlands",1,0,0,0
1985,"E Midlands",1,0,0,0
1986,"E Midlands",1,0,0,0
1987,"E Midlands",1,0,0,0
1988,"E Midlands",1,0,0,0
1989,"E Midlands",1,0,0,0
1990,"E Midlands",1,0,0,0
1991,"E Midlands",1,0,0,0
1992,"E Midlands",1,0,0,0
1993,"E Midlands",1,0,0,0
1994,"E Midlands",1,0,0,0
1995,"E Midlands",1,0,0,0
1996,"E Midlands",1,0,0,0
1997,"E Midlands",1,0,0,0
1998,"E Midlands",1,0,0,0
1999,"E Midlands",1,0,0,0
2000,"E Midlands",1,0,0,0
2001,"E Midlands",1,1,4.60747663551402,32.9077623563392
2002,"E Midlands",1,0,0,0
2003,"E Midlands",1,0,0,0
2004,"E Midlands",1,0,0,0
2005,"E Midlands",1,0,0,0
2006,"E Midlands",1,0.0280373831775701,3,30.5087810092502
2007,"E Midlands",1,0,0,0
2008,"E Midlands",1,0,0,0
2009,"E Midlands",1,0,0,0
2010,"E Midlands",1,0,0,0
2011,"E Midlands",1,0,0,0
2012,"E Midlands",1,0,0,0
2013,"E Midlands",1,0,0,0
2014,"E Midlands",1,0,0,0
2015,"E Midlands",1,0,0,0
2016,"E Midlands",1,0,0,0
2017,"E Midlands",1,0,0,0
2018,"E Midlands",1,0,0,0
2019,"E Midlands",1,0.14018691588785,3,30.6469737370809
2020,"E Midlands",1,0,0,0
2021,"E Midlands",1,0,0,0
2022,"E Midlands",1,0,0,0
2023,"E Midlands",1,0,0,0
2024,"E Midlands",1,0,0,0
2025,"E Midlands",1,0.121495327102804,3,31.3512405004257
2026,"E Midlands",1,0,0,0
2027,"E Midlands",1,0.91588785046729,4.60204081632653,33.0095112550826
2028,"E Midlands",1,0,0,0
2029,"E Midlands",1,0,0,0
2030,"E Midlands",1,0.289719626168224,3,33.0023100247947
2031,"E Midlands",1,0,0,0
2032,"E Midlands",1,0.205607476635514,3,31.1577824534792
2033,"E Midlands",1,0.373831775700935,3.55,31.6703755736351
2034,"E Midlands",1,0,0,0
2035,"E Midlands",1,0,0,0
2036,"E Midlands",1,0.0186915887850467,3,31.0511349042257
2037,"E Midlands",1,0,0,0
2038,"E Midlands",1,0,0,0
2039,"E Midlands",1,0,0,0
2040,"E Midlands",1,0,0,0
2041,"E Midlands",1,0,0,0
2042,"E Midlands",1,0,0,0
2043,"E Midlands",1,0,0,0
2044,"E Midlands",1,0,0,0
2045,"E Midlands",1,0,0,0
2046,"E Midlands",1,0.0934579439252336,4,31.2746436595917
2047,"E Midlands",1,0,0,0
2048,"E Midlands",1,0,0,0
2049,"E Midlands",1,0,0,0
2050,"E Midlands",1,0,0,0
2051,"E Midlands",1,0,0,0
2052,"E Midlands",1,0,0,0
2053,"E Midlands",1,0,0,0
2054,"E Midlands",1,0,0,0
2055,"E Midlands",1,0,0,0
2056,"E Midlands",1,0,0,0
2057,"E Midlands",1,0,0,0
2058,"E Midlands",1,0,0,0
2059,"E Midlands",1,0,0,0
2060,"E Midlands",1,0,0,0
2061,"E Midlands",1,0,0,0
2062,"E Midlands",1,0,0,0
2063,"E Midlands",1,0,0,0
2064,"E Midlands",1,0,0,0
2065,"E Midlands",1,0,0,0
2066,"E Midlands",1,0,0,0
2067,"E Midlands",1,0.252336448598131,3,31.663978682624
2068,"E Midlands",1,0,0,0
2069,"E Midlands",1,0,0,0
2070,"E Midlands",1,0,0,0
2071,"E Midlands",1,0.401869158878505,3,33.1220521705095
2072,"E Midlands",1,0,0,0
2073,"E Midlands",1,0,0,0
2074,"E Midlands",1,0,0,0
2075,"E Midlands",1,0,0,0
2076,"E Midlands",1,0,0,0
2077,"E Midlands",1,0.691588785046729,3.40540540540541,31.3613530741082
2078,"E Midlands",1,0,0,0
2079,"E Midlands",1,0,0,0
2080,"E Midlands",1,0,0,0
1980,"E of England",2,0,0,0
1981,"E of England",2,0,0,0
1982,"E of England",2,0,0,0
1983,"E of England",2,0,0,0
1984,"E of England",2,0,0,0
1985,"E of England",2,0,0,0
1986,"E of England",2,0,0,0
1987,"E of England",2,0,0,0
1988,"E of England",2,0,0,0
1989,"E of England",2,0,0,0
1990,"E of England",2,0,0,0
1991,"E of England",2,0,0,0
1992,"E of England",2,0,0,0
1993,"E of England",2,0,0,0
1994,"E of England",2,0,0,0
1995,"E of England",2,0,0,0
1996,"E of England",2,0,0,0
1997,"E of England",2,0,0,0
1998,"E of England",2,0,0,0
1999,"E of England",2,0,0,0
2000,"E of England",2,0.0151515151515152,3,30.7298704783122
2001,"E of England",2,1.18181818181818,4.70512820512821,33.5439814879344
2002,"E of England",2,0,0,0
2003,"E of England",2,0,0,0
2004,"E of England",2,0,0,0
2005,"E of England",2,0,0,0
2006,"E of England",2,0.431818181818182,3.35087719298246,30.9565780544839
2007,"E of England",2,0,0,0
2008,"E of England",2,0,0,0
2009,"E of England",2,0,0,0
2010,"E of England",2,0,0,0
2011,"E of England",2,0,0,0
2012,"E of England",2,0,0,0
2013,"E of England",2,0,0,0
2014,"E of England",2,0,0,0
2015,"E of England",2,0,0,0
2016,"E of England",2,0,0,0
2017,"E of England",2,0,0,0
2018,"E of England",2,0,0,0
2019,"E of England",2,0.0833333333333333,3,30.6035185149222
2020,"E of England",2,0,0,0
2021,"E of England",2,0,0,0
2022,"E of England",2,0,0,0
2023,"E of England",2,0,0,0
2024,"E of England",2,0,0,0
2025,"E of England",2,1.04545454545455,3,32.0770076369318
2026,"E of England",2,0.0303030303030303,3.25,30.9680978457133
2027,"E of England",2,0.916666666666667,4.63636363636364,34.0028109558358
2028,"E of England",2,0,0,0
2029,"E of England",2,0,0,0
2030,"E of England",2,0.878787878787879,3.08620689655172,33.6409125578815
2031,"E of England",2,0,0,0
2032,"E of England",2,1.23484848484848,3.4601226993865,31.7483571755618
2033,"E of England",2,0.674242424242424,3.91011235955056,32.5763262871946
2034,"E of England",2,0,0,0
2035,"E of England",2,0,0,0
2036,"E of England",2,0.234848484848485,3,30.8190969344108
2037,"E of England",2,0,0,0
2038,"E of England",2,0.0378787878787879,3,32.5617331822713
2039,"E of England",2,0,0,0
2040,"E of England",2,0.053030303030303,3,31.3113404228574
2041,"E of England",2,0,0,0
2042,"E of England",2,0,0,0
2043,"E of England",2,0,0,0
2044,"E of England",2,0.0151515151515152,3,30.2733475367228
2045,"E of England",2,0,0,0
2046,"E of England",2,0.636363636363636,3.82142857142857,32.303764031993
2047,"E of England",2,0,0,0
2048,"E of England",2,0.21969696969697,3,31.2660430710891
2049,"E of England",2,0,0,0
2050,"E of England",2,0,0,0
2051,"E of England",2,0,0,0
2052,"E of England",2,0,0,0
2053,"E of England",2,0,0,0
2054,"E of England",2,0,0,0
2055,"E of England",2,0,0,0
2056,"E of England",2,0.212121212121212,3,33.0264628955296
2057,"E of England",2,0,0,0
2058,"E of England",2,0,0,0
2059,"E of England",2,0,0,0
2060,"E of England",2,0,0,0
2061,"E of England",2,0.0303030303030303,3.25,30.7490061720212
2062,"E of England",2,0.0151515151515152,3,31.0175536473592
2063,"E of England",2,0.0303030303030303,4.5,33.905753660202
2064,"E of England",2,0.00757575757575758,3,30.7021436691284
2065,"E of England",2,0.0606060606060606,3,31.7656182845434
2066,"E of England",2,0,0,0
2067,"E of England",2,0.181818181818182,3,32.0901645951801
2068,"E of England",2,0.0303030303030303,3,32.3618842760722
2069,"E of England",2,0,0,0
2070,"E of England",2,0,0,0
2071,"E of England",2,1.03030303030303,3,33.0631314399196
2072,"E of England",2,0,0,0
2073,"E of England",2,0,0,0
2074,"E of England",2,0,0,0
2075,"E of England",2,0,0,0
2076,"E of England",2,0,0,0
2077,"E of England",2,0.848484848484849,4.16964285714286,31.7574691096942
2078,"E of England",2,0,0,0
2079,"E of England",2,0,0,0
2080,"E of England",2,0,0,0
1980,"E Scotland",3,0,0,0
1981,"E Scotland",3,0,0,0
1982,"E Scotland",3,0,0,0
1983,"E Scotland",3,0,0,0
1984,"E Scotland",3,0,0,0
1985,"E Scotland",3,0,0,0
1986,"E Scotland",3,0,0,0
1987,"E Scotland",3,0,0,0
1988,"E Scotland",3,0,0,0
1989,"E Scotland",3,0,0,0
1990,"E Scotland",3,0,0,0
1991,"E Scotland",3,0,0,0
1992,"E Scotland",3,0,0,0
1993,"E Scotland",3,0,0,0
1994,"E Scotland",3,0,0,0
1995,"E Scotland",3,0,0,0
1996,"E Scotland",3,0,0,0
1997,"E Scotland",3,0,0,0
1998,"E Scotland",3,0,0,0
1999,"E Scotland",3,0,0,0
2000,"E Scotland",3,0,0,0
2001,"E Scotland",3,0.389221556886228,3.04615384615385,30.1546624464866
2002,"E Scotland",3,0,0,0
2003,"E Scotland",3,0,0,0
2004,"E Scotland",3,0,0,0
2005,"E Scotland",3,0,0,0
2006,"E Scotland",3,0,0,0
2007,"E Scotland",3,0,0,0
2008,"E Scotland",3,0,0,0
2009,"E Scotland",3,0,0,0
2010,"E Scotland",3,0,0,0
2011,"E Scotland",3,0,0,0
2012,"E Scotland",3,0,0,0
2013,"E Scotland",3,0,0,0
2014,"E Scotland",3,0,0,0
2015,"E Scotland",3,0,0,0
2016,"E Scotland",3,0,0,0
2017,"E Scotland",3,0,0,0
2018,"E Scotland",3,0,0,0
2019,"E Scotland",3,0,0,0
2020,"E Scotland",3,0,0,0
2021,"E Scotland",3,0,0,0
2022,"E Scotland",3,0,0,0
2023,"E Scotland",3,0,0,0
2024,"E Scotland",3,0,0,0
2025,"E Scotland",3,0,0,0
2026,"E Scotland",3,0,0,0
2027,"E Scotland",3,0.29940119760479,4.86,30.1841940251078
2028,"E Scotland",3,0,0,0
2029,"E Scotland",3,0,0,0
2030,"E Scotland",3,0,0,0
2031,"E Scotland",3,0,0,0
2032,"E Scotland",3,0,0,0
2033,"E Scotland",3,0,0,0
2034,"E Scotland",3,0,0,0
2035,"E Scotland",3,0,0,0
2036,"E Scotland",3,0,0,0
2037,"E Scotland",3,0,0,0
2038,"E Scotland",3,0,0,0
2039,"E Scotland",3,0,0,0
2040,"E Scotland",3,0,0,0
2041,"E Scotland",3,0,0,0
2042,"E Scotland",3,0,0,0
2043,"E Scotland",3,0,0,0
2044,"E Scotland",3,0,0,0
2045,"E Scotland",3,0,0,0
2046,"E Scotland",3,0,0,0
2047,"E Scotland",3,0,0,0
2048,"E Scotland",3,0,0,0
2049,"E Scotland",3,0,0,0
2050,"E Scotland",3,0,0,0
2051,"E Scotland",3,0,0,0
2052,"E Scotland",3,0,0,0
2053,"E Scotland",3,0,0,0
2054,"E Scotland",3,0,0,0
2055,"E Scotland",3,0,0,0
2056,"E Scotland",3,0,0,0
2057,"E Scotland",3,0,0,0
2058,"E Scotland",3,0,0,0
2059,"E Scotland",3,0,0,0
2060,"E Scotland",3,0,0,0
2061,"E Scotland",3,0,0,0
2062,"E Scotland",3,0,0,0
2063,"E Scotland",3,0,0,0
2064,"E Scotland",3,0,0,0
2065,"E Scotland",3,0,0,0
2066,"E Scotland",3,0,0,0
2067,"E Scotland",3,0.25748502994012,3.27906976744186,29.8210367990095
2068,"E Scotland",3,0,0,0
2069,"E Scotland",3,0,0,0
2070,"E Scotland",3,0,0,0
2071,"E Scotland",3,0,0,0
2072,"E Scotland",3,0,0,0
2073,"E Scotland",3,0,0,0
2074,"E Scotland",3,0,0,0
2075,"E Scotland",3,0,0,0
2076,"E Scotland",3,0,0,0
2077,"E Scotland",3,0.00598802395209581,3,28.3019695281982
2078,"E Scotland",3,0,0,0
2079,"E Scotland",3,0.179640718562874,3,29.6532455762227
2080,"E Scotland",3,0,0,0
1980,"London",4,0,0,0
1981,"London",4,0,0,0
1982,"London",4,0,0,0
1983,"London",4,0,0,0
1984,"London",4,0,0,0
1985,"London",4,0,0,0
1986,"London",4,0,0,0
1987,"London",4,0,0,0
1988,"London",4,0,0,0
1989,"London",4,0,0,0
1990,"London",4,0,0,0
1991,"London",4,0,0,0
1992,"London",4,0,0,0
1993,"London",4,0,0,0
1994,"London",4,0,0,0
1995,"London",4,0,0,0
1996,"London",4,0,0,0
1997,"London",4,0,0,0
1998,"London",4,0,0,0
1999,"London",4,0,0,0
2000,"London",4,0,0,0
2001,"London",4,1,4.41666666666667,34.4840476645364
2002,"London",4,0,0,0
2003,"London",4,0,0,0
2004,"London",4,0,0,0
2005,"London",4,0,0,0
2006,"London",4,0,0,0
2007,"London",4,0,0,0
2008,"London",4,0,0,0
2009,"London",4,0,0,0
2010,"London",4,0,0,0
2011,"London",4,0,0,0
2012,"London",4,0,0,0
2013,"London",4,0,0,0
2014,"London",4,0,0,0
2015,"London",4,0,0,0
2016,"London",4,0,0,0
2017,"London",4,0,0,0
2018,"London",4,0,0,0
2019,"London",4,0,0,0
2020,"London",4,0,0,0
2021,"London",4,0,0,0
2022,"London",4,0,0,0
2023,"London",4,0,0,0
2024,"London",4,0,0,0
2025,"London",4,0.0833333333333333,3,32.7870394388835
2026,"London",4,0,0,0
2027,"London",4,1,4.66666666666667,34.9194447199504
2028,"London",4,0,0,0
2029,"London",4,0,0,0
2030,"London",4,0.833333333333333,3,34.5299062728882
2031,"London",4,0,0,0
2032,"London",4,0,0,0
2033,"London",4,0.833333333333333,3.8,33.916850678126
2034,"London",4,0,0,0
2035,"London",4,0,0,0
2036,"London",4,0,0,0
2037,"London",4,0,0,0
2038,"London",4,0,0,0
2039,"London",4,0,0,0
2040,"London",4,0,0,0
2041,"London",4,0,0,0
2042,"London",4,0,0,0
2043,"London",4,0,0,0
2044,"London",4,0,0,0
2045,"London",4,0,0,0
2046,"London",4,0.333333333333333,3,33.2268999417623
2047,"London",4,0,0,0
2048,"London",4,0,0,0
2049,"London",4,0,0,0
2050,"London",4,0,0,0
2051,"London",4,0,0,0
2052,"London",4,0,0,0
2053,"London",4,0,0,0
2054,"London",4,0,0,0
2055,"London",4,0,0,0
2056,"London",4,0,0,0
2057,"London",4,0,0,0
2058,"London",4,0,0,0
2059,"London",4,0,0,0
2060,"London",4,0,0,0
2061,"London",4,0,0,0
2062,"London",4,0,0,0
2063,"London",4,0,0,0
2064,"London",4,0,0,0
2065,"London",4,0,0,0
2066,"London",4,0,0,0
2067,"London",4,0,0,0
2068,"London",4,0,0,0
2069,"London",4,0,0,0
2070,"London",4,0,0,0
2071,"London",4,0.916666666666667,3,34.6645733804414
2072,"London",4,0,0,0
2073,"London",4,0,0,0
2074,"London",4,0,0,0
2075,"London",4,0,0,0
2076,"London",4,0,0,0
2077,"London",4,0.75,4,33.3361519707574
2078,"London",4,0,0,0
2079,"London",4,0,0,0
2080,"London",4,0,0,0
1980,"NE England",5,0,0,0
1981,"NE England",5,0,0,0
1982,"NE England",5,0,0,0
1983,"NE England",5,0,0,0
1984,"NE England",5,0,0,0
1985,"NE England",5,0,0,0
1986,"NE England",5,0,0,0
1987,"NE England",5,0,0,0
1988,"NE England",5,0,0,0
1989,"NE England",5,0,0,0
1990,"NE England",5,0,0,0
1991,"NE England",5,0,0,0
1992,"NE England",5,0,0,0
1993,"NE England",5,0,0,0
1994,"NE England",5,0,0,0
1995,"NE England",5,0,0,0
1996,"NE England",5,0,0,0
1997,"NE England",5,0,0,0
1998,"NE England",5,0,0,0
1999,"NE England",5,0,0,0
2000,"NE England",5,0,0,0
2001,"NE England",5,0.838709677419355,3.36538461538462,30.5473150962438
2002,"NE England",5,0,0,0
2003,"NE England",5,0,0,0
2004,"NE England",5,0,0,0
2005,"NE England",5,0,0,0
2006,"NE England",5,0,0,0
2007,"NE England",5,0,0,0
2008,"NE England",5,0,0,0
2009,"NE England",5,0,0,0
2010,"NE England",5,0,0,0
2011,"NE England",5,0,0,0
2012,"NE England",5,0,0,0
2013,"NE England",5,0,0,0
2014,"NE England",5,0,0,0
2015,"NE England",5,0,0,0
2016,"NE England",5,0,0,0
2017,"NE England",5,0,0,0
2018,"NE England",5,0,0,0
2019,"NE England",5,0.0645161290322581,3.5,29.2849398255348
2020,"NE England",5,0,0,0
2021,"NE England",5,0,0,0
2022,"NE England",5,0,0,0
2023,"NE England",5,0,0,0
2024,"NE England",5,0,0,0
2025,"NE England",5,0,0,0
2026,"NE England",5,0,0,0
2027,"NE England",5,0.838709677419355,4.55769230769231,30.2022770148057
2028,"NE England",5,0,0,0
2029,"NE England",5,0,0,0
2030,"NE England",5,0,0,0
2031,"NE England",5,0,0,0
2032,"NE England",5,0,0,0
2033,"NE England",5,0,0,0
2034,"NE England",5,0,0,0
2035,"NE England",5,0,0,0
2036,"NE England",5,0,0,0
2037,"NE England",5,0,0,0
2038,"NE England",5,0,0,0
2039,"NE England",5,0,0,0
2040,"NE England",5,0,0,0
2041,"NE England",5,0,0,0
2042,"NE England",5,0,0,0
2043,"NE England",5,0,0,0
2044,"NE England",5,0,0,0
2045,"NE England",5,0,0,0
2046,"NE England",5,0,0,0
2047,"NE England",5,0,0,0
2048,"NE England",5,0.0161290322580645,3,28.5488799413045
2049,"NE England",5,0,0,0
2050,"NE England",5,0,0,0
2051,"NE England",5,0,0,0
2052,"NE England",5,0,0,0
2053,"NE England",5,0,0,0
2054,"NE England",5,0,0,0
2055,"NE England",5,0,0,0
2056,"NE England",5,0,0,0
2057,"NE England",5,0,0,0
2058,"NE England",5,0,0,0
2059,"NE England",5,0,0,0
2060,"NE England",5,0,0,0
2061,"NE England",5,0.0483870967741935,3,30.1081505881416
2062,"NE England",5,0,0,0
2063,"NE England",5,0,0,0
2064,"NE England",5,0,0,0
2065,"NE England",5,0,0,0
2066,"NE England",5,0,0,0
2067,"NE England",5,0.17741935483871,3,29.2528685656461
2068,"NE England",5,0,0,0
2069,"NE England",5,0,0,0
2070,"NE England",5,0,0,0
2071,"NE England",5,0,0,0
2072,"NE England",5,0,0,0
2073,"NE England",5,0,0,0
2074,"NE England",5,0,0,0
2075,"NE England",5,0,0,0
2076,"NE England",5,0,0,0
2077,"NE England",5,0.0483870967741935,3.66666666666667,29.8391011026171
2078,"NE England",5,0,0,0
2079,"NE England",5,0.274193548387097,3,29.4104971979179
2080,"NE England",5,0,0,0
1980,"N Scotland",6,0,0,0
1981,"N Scotland",6,0,0,0
1982,"N Scotland",6,0,0,0
1983,"N Scotland",6,0,0,0
1984,"N Scotland",6,0,0,0
1985,"N Scotland",6,0,0,0
1986,"N Scotland",6,0,0,0
1987,"N Scotland",6,0,0,0
1988,"N Scotland",6,0,0,0
1989,"N Scotland",6,0,0,0
1990,"N Scotland",6,0,0,0
1991,"N Scotland",6,0,0,0
1992,"N Scotland",6,0,0,0
1993,"N Scotland",6,0,0,0
1994,"N Scotland",6,0,0,0
1995,"N Scotland",6,0,0,0
1996,"N Scotland",6,0,0,0
1997,"N Scotland",6,0,0,0
1998,"N Scotland",6,0,0,0
1999,"N Scotland",6,0,0,0
2000,"N Scotland",6,0,0,0
2001,"N Scotland",6,0.111627906976744,3.25,29.8726586931282
2002,"N Scotland",6,0,0,0
2003,"N Scotland",6,0,0,0
2004,"N Scotland",6,0,0,0
2005,"N Scotland",6,0,0,0
2006,"N Scotland",6,0,0,0
2007,"N Scotland",6,0,0,0
2008,"N Scotland",6,0,0,0
2009,"N Scotland",6,0,0,0
2010,"N Scotland",6,0,0,0
2011,"N Scotland",6,0,0,0
2012,"N Scotland",6,0,0,0
2013,"N Scotland",6,0,0,0
2014,"N Scotland",6,0,0,0
2015,"N Scotland",6,0,0,0
2016,"N Scotland",6,0,0,0
2017,"N Scotland",6,0,0,0
2018,"N Scotland",6,0,0,0
2019,"N Scotland",6,0,0,0
2020,"N Scotland",6,0,0,0
2021,"N Scotland",6,0,0,0
2022,"N Scotland",6,0,0,0
2023,"N Scotland",6,0,0,0
2024,"N Scotland",6,0,0,0
2025,"N Scotland",6,0,0,0
2026,"N Scotland",6,0,0,0
2027,"N Scotland",6,0.293023255813953,3.3015873015873,29.6565531549
2028,"N Scotland",6,0,0,0
2029,"N Scotland",6,0,0,0
2030,"N Scotland",6,0,0,0
2031,"N Scotland",6,0,0,0
2032,"N Scotland",6,0,0,0
2033,"N Scotland",6,0,0,0
2034,"N Scotland",6,0,0,0
2035,"N Scotland",6,0,0,0
2036,"N Scotland",6,0,0,0
2037,"N Scotland",6,0,0,0
2038,"N Scotland",6,0,0,0
2039,"N Scotland",6,0,0,0
2040,"N Scotland",6,0,0,0
2041,"N Scotland",6,0,0,0
2042,"N Scotland",6,0,0,0
2043,"N Scotland",6,0,0,0
2044,"N Scotland",6,0,0,0
2045,"N Scotland",6,0,0,0
2046,"N Scotland",6,0,0,0
2047,"N Scotland",6,0,0,0
2048,"N Scotland",6,0,0,0
2049,"N Scotland",6,0,0,0
2050,"N Scotland",6,0,0,0
2051,"N Scotland",6,0,0,0
2052,"N Scotland",6,0,0,0
2053,"N Scotland",6,0,0,0
2054,"N Scotland",6,0,0,0
2055,"N Scotland",6,0,0,0
2056,"N Scotland",6,0,0,0
2057,"N Scotland",6,0,0,0
2058,"N Scotland",6,0,0,0
2059,"N Scotland",6,0,0,0
2060,"N Scotland",6,0,0,0
2061,"N Scotland",6,0,0,0
2062,"N Scotland",6,0,0,0
2063,"N Scotland",6,0,0,0
2064,"N Scotland",6,0,0,0
2065,"N Scotland",6,0,0,0
2066,"N Scotland",6,0,0,0
2067,"N Scotland",6,0.302325581395349,3,30.3233760197957
2068,"N Scotland",6,0,0,0
2069,"N Scotland",6,0,0,0
2070,"N Scotland",6,0,0,0
2071,"N Scotland",6,0,0,0
2072,"N Scotland",6,0,0,0
2073,"N Scotland",6,0,0,0
2074,"N Scotland",6,0,0,0
2075,"N Scotland",6,0,0,0
2076,"N Scotland",6,0,0,0
2077,"N Scotland",6,0.00465116279069767,3,29.030771891276
2078,"N Scotland",6,0,0,0
2079,"N Scotland",6,0.0976744186046512,3,30.2853481050522
2080,"N Scotland",6,0.00930232558139535,3,28.4334650039673
1980,"NW England",7,0,0,0
1981,"NW England",7,0,0,0
1982,"NW England",7,0,0,0
1983,"NW England",7,0,0,0
1984,"NW England",7,0,0,0
1985,"NW England",7,0,0,0
1986,"NW England",7,0,0,0
1987,"NW England",7,0,0,0
1988,"NW England",7,0,0,0
1989,"NW England",7,0,0,0
1990,"NW England",7,0,0,0
1991,"NW England",7,0,0,0
1992,"NW England",7,0,0,0
1993,"NW England",7,0,0,0
1994,"NW England",7,0,0,0
1995,"NW England",7,0,0,0
1996,"NW England",7,0,0,0
1997,"NW England",7,0,0,0
1998,"NW England",7,0,0,0
1999,"NW England",7,0,0,0
2000,"NW England",7,0,0,0
2001,"NW England",7,0.510416666666667,3.51020408163265,31.8270278570603
2002,"NW England",7,0,0,0
2003,"NW England",7,0,0,0
2004,"NW England",7,0,0,0
2005,"NW England",7,0,0,0
2006,"NW England",7,0,0,0
2007,"NW England",7,0,0,0
2008,"NW England",7,0,0,0
2009,"NW England",7,0,0,0
2010,"NW England",7,0,0,0
2011,"NW England",7,0,0,0
2012,"NW England",7,0,0,0
2013,"NW England",7,0,0,0
2014,"NW England",7,0,0,0
2015,"NW England",7,0,0,0
2016,"NW England",7,0,0,0
2017,"NW England",7,0,0,0
2018,"NW England",7,0,0,0
2019,"NW England",7,0,0,0
2020,"NW England",7,0,0,0
2021,"NW England",7,0,0,0
2022,"NW England",7,0,0,0
2023,"NW England",7,0,0,0
2024,"NW England",7,0,0,0
2025,"NW England",7,0,0,0
2026,"NW England",7,0,0,0
2027,"NW England",7,0.708333333333333,4.33823529411765,31.3331026620892
2028,"NW England",7,0,0,0
2029,"NW England",7,0,0,0
2030,"NW England",7,0,0,0
2031,"NW England",7,0,0,0
2032,"NW England",7,0,0,0
2033,"NW England",7,0.145833333333333,3,30.875478880746
2034,"NW England",7,0,0,0
2035,"NW England",7,0,0,0
2036,"NW England",7,0,0,0
2037,"NW England",7,0,0,0
2038,"NW England",7,0,0,0
2039,"NW England",7,0,0,0
2040,"NW England",7,0,0,0
2041,"NW England",7,0,0,0
2042,"NW England",7,0,0,0
2043,"NW England",7,0,0,0
2044,"NW England",7,0,0,0
2045,"NW England",7,0,0,0
2046,"NW England",7,0,0,0
2047,"NW England",7,0,0,0
2048,"NW England",7,0,0,0
2049,"NW England",7,0,0,0
2050,"NW England",7,0,0,0
2051,"NW England",7,0,0,0
2052,"NW England",7,0,0,0
2053,"NW England",7,0,0,0
2054,"NW England",7,0,0,0
2055,"NW England",7,0,0,0
2056,"NW England",7,0,0,0
2057,"NW England",7,0,0,0
2058,"NW England",7,0,0,0
2059,"NW England",7,0,0,0
2060,"NW England",7,0,0,0
2061,"NW England",7,0,0,0
2062,"NW England",7,0,0,0
2063,"NW England",7,0,0,0
2064,"NW England",7,0,0,0
2065,"NW England",7,0,0,0
2066,"NW England",7,0,0,0
2067,"NW England",7,0.447916666666667,3,31.824014338412
2068,"NW England",7,0,0,0
2069,"NW England",7,0,0,0
2070,"NW England",7,0,0,0
2071,"NW England",7,0,0,0
2072,"NW England",7,0,0,0
2073,"NW England",7,0,0,0
2074,"NW England",7,0,0,0
2075,"NW England",7,0,0,0
2076,"NW England",7,0,0,0
2077,"NW England",7,0,0,0
2078,"NW England",7,0,0,0
2079,"NW England",7,0,0,0
2080,"NW England",7,0,0,0
1980,"SE England",8,0,0,0
1981,"SE England",8,0,0,0
1982,"SE England",8,0,0,0
1983,"SE England",8,0,0,0
1984,"SE England",8,0,0,0
1985,"SE England",8,0,0,0
1986,"SE England",8,0,0,0
1987,"SE England",8,0,0,0
1988,"SE England",8,0,0,0
1989,"SE England",8,0,0,0
1990,"SE England",8,0,0,0
1991,"SE England",8,0,0,0
1992,"SE England",8,0,0,0
1993,"SE England",8,0,0,0
1994,"SE England",8,0,0,0
1995,"SE England",8,0,0,0
1996,"SE England",8,0,0,0
1997,"SE England",8,0,0,0
1998,"SE England",8,0,0,0
1999,"SE England",8,0,0,0
2000,"SE England",8,0,0,0
2001,"SE England",8,0.534883720930233,4.6231884057971,33.1629347289818
2002,"SE England",8,0,0,0
2003,"SE England",8,0,0,0
2004,"SE England",8,0,0,0
2005,"SE England",8,0,0,0
2006,"SE England",8,0,0,0
2007,"SE England",8,0,0,0
2008,"SE England",8,0,0,0
2009,"SE England",8,0,0,0
2010,"SE England",8,0,0,0
2011,"SE England",8,0,0,0
2012,"SE England",8,0,0,0
2013,"SE England",8,0,0,0
2014,"SE England",8,0,0,0
2015,"SE England",8,0,0,0
2016,"SE England",8,0,0,0
2017,"SE England",8,0,0,0
2018,"SE England",8,0,0,0
2019,"SE England",8,0,0,0
2020,"SE England",8,0,0,0
2021,"SE England",8,0,0,0
2022,"SE England",8,0,0,0
2023,"SE England",8,0,0,0
2024,"SE England",8,0,0,0
2025,"SE England",8,0.131782945736434,3,32.1909459057976
2026,"SE England",8,0,0,0
2027,"SE England",8,0.86046511627907,4.33333333333333,32.9763701176858
2028,"SE England",8,0,0,0
2029,"SE England",8,0,0,0
2030,"SE England",8,0.37984496124031,3.14285714285714,32.9698827218036
2031,"SE England",8,0,0,0
2032,"SE England",8,0,0,0
2033,"SE England",8,0.643410852713178,3.51807228915663,32.750044513419
2034,"SE England",8,0,0,0
2035,"SE England",8,0,0,0
2036,"SE England",8,0,0,0
2037,"SE England",8,0,0,0
2038,"SE England",8,0,0,0
2039,"SE England",8,0,0,0
2040,"SE England",8,0,0,0
2041,"SE England",8,0,0,0
2042,"SE England",8,0,0,0
2043,"SE England",8,0,0,0
2044,"SE England",8,0,0,0
2045,"SE England",8,0,0,0
2046,"SE England",8,0.232558139534884,3.56666666666667,31.6697683731715
2047,"SE England",8,0,0,0
2048,"SE England",8,0.0232558139534884,3,31.6786562601725
2049,"SE England",8,0,0,0
2050,"SE England",8,0,0,0
2051,"SE England",8,0,0,0
2052,"SE England",8,0,0,0
2053,"SE England",8,0,0,0
2054,"SE England",8,0,0,0
2055,"SE England",8,0,0,0
2056,"SE England",8,0,0,0
2057,"SE England",8,0,0,0
2058,"SE England",8,0,0,0
2059,"SE England",8,0,0,0
2060,"SE England",8,0,0,0
2061,"SE England",8,0,0,0
2062,"SE England",8,0,0,0
2063,"SE England",8,0.325581395348837,4.59523809523809,32.9988700609359
2064,"SE England",8,0,0,0
2065,"SE England",8,0,0,0
2066,"SE England",8,0,0,0
2067,"SE England",8,0,0,0
2068,"SE England",8,0,0,0
2069,"SE England",8,0,0,0
2070,"SE England",8,0,0,0
2071,"SE England",8,0.410852713178295,3,32.8227950222087
2072,"SE England",8,0,0,0
2073,"SE England",8,0,0,0
2074,"SE England",8,0,0,0
2075,"SE England",8,0,0,0
2076,"SE England",8,0,0,0
2077,"SE England",8,0.0930232558139535,3.91666666666667,32.2886229806476
2078,"SE England",8,0,0,0
2079,"SE England",8,0,0,0
2080,"SE England",8,0,0,0
1980,"SW England",9,0,0,0
1981,"SW England",9,0,0,0
1982,"SW England",9,0,0,0
1983,"SW England",9,0,0,0
1984,"SW England",9,0,0,0
1985,"SW England",9,0,0,0
1986,"SW England",9,0,0,0
1987,"SW England",9,0,0,0
1988,"SW England",9,0,0,0
1989,"SW England",9,0,0,0
1990,"SW England",9,0,0,0
1991,"SW England",9,0,0,0
1992,"SW England",9,0,0,0
1993,"SW England",9,0,0,0
1994,"SW England",9,0,0,0
1995,"SW England",9,0,0,0
1996,"SW England",9,0,0,0
1997,"SW England",9,0,0,0
1998,"SW England",9,0,0,0
1999,"SW England",9,0,0,0
2000,"SW England",9,0,0,0
2001,"SW England",9,0.226415094339623,3.91666666666667,31.4980811300101
2002,"SW England",9,0,0,0
2003,"SW England",9,0,0,0
2004,"SW England",9,0,0,0
2005,"SW England",9,0,0,0
2006,"SW England",9,0,0,0
2007,"SW England",9,0,0,0
2008,"SW England",9,0,0,0
2009,"SW England",9,0,0,0
2010,"SW England",9,0,0,0
2011,"SW England",9,0,0,0
2012,"SW England",9,0,0,0
2013,"SW England",9,0,0,0
2014,"SW England",9,0,0,0
2015,"SW England",9,0,0,0
2016,"SW England",9,0,0,0
2017,"SW England",9,0,0,0
2018,"SW England",9,0,0,0
2019,"SW England",9,0,0,0
2020,"SW England",9,0,0,0
2021,"SW England",9,0,0,0
2022,"SW England",9,0,0,0
2023,"SW England",9,0,0,0
2024,"SW England",9,0,0,0
2025,"SW England",9,0,0,0
2026,"SW England",9,0,0,0
2027,"SW England",9,0.377358490566038,4.93333333333333,31.9017554473877
2028,"SW England",9,0,0,0
2029,"SW England",9,0,0,0
2030,"SW England",9,0.433962264150943,3.53623188405797,31.7706913717703
2031,"SW England",9,0,0,0
2032,"SW England",9,0,0,0
2033,"SW England",9,0.371069182389937,3.6271186440678,31.7158495086735
2034,"SW England",9,0,0,0
2035,"SW England",9,0,0,0
2036,"SW England",9,0,0,0
2037,"SW England",9,0,0,0
2038,"SW England",9,0,0,0
2039,"SW England",9,0,0,0
2040,"SW England",9,0,0,0
2041,"SW England",9,0,0,0
2042,"SW England",9,0,0,0
2043,"SW England",9,0,0,0
2044,"SW England",9,0,0,0
2045,"SW England",9,0,0,0
2046,"SW England",9,0.119496855345912,3.94736842105263,30.4907432229895
2047,"SW England",9,0,0,0
2048,"SW England",9,0,0,0
2049,"SW England",9,0,0,0
2050,"SW England",9,0,0,0
2051,"SW England",9,0,0,0
2052,"SW England",9,0,0,0
2053,"SW England",9,0,0,0
2054,"SW England",9,0,0,0
2055,"SW England",9,0,0,0
2056,"SW England",9,0,0,0
2057,"SW England",9,0,0,0
2058,"SW England",9,0,0,0
2059,"SW England",9,0,0,0
2060,"SW England",9,0,0,0
2061,"SW England",9,0.0440251572327044,3,31.3901171003069
2062,"SW England",9,0.050314465408805,3,30.8446626265844
2063,"SW England",9,0.276729559748428,4.11363636363636,31.7465859254201
2064,"SW England",9,0,0,0
2065,"SW England",9,0,0,0
2066,"SW England",9,0,0,0
2067,"SW England",9,0.150943396226415,3.08333333333333,31.2435360517767
2068,"SW England",9,0,0,0
2069,"SW England",9,0,0,0
2070,"SW England",9,0,0,0
2071,"SW England",9,0.226415094339623,3,31.9024869071113
2072,"SW England",9,0,0,0
2073,"SW England",9,0,0,0
2074,"SW England",9,0,0,0
2075,"SW England",9,0,0,0
2076,"SW England",9,0,0,0
2077,"SW England",9,0.0125786163522013,3,31.4172245661418
2078,"SW England",9,0.0817610062893082,3,31.6459396068866
2079,"SW England",9,0,0,0
2080,"SW England",9,0,0,0
1980,"W Midlands",10,0,0,0
1981,"W Midlands",10,0,0,0
1982,"W Midlands",10,0,0,0
1983,"W Midlands",10,0,0,0
1984,"W Midlands",10,0,0,0
1985,"W Midlands",10,0,0,0
1986,"W Midlands",10,0,0,0
1987,"W Midlands",10,0,0,0
1988,"W Midlands",10,0,0,0
1989,"W Midlands",10,0,0,0
1990,"W Midlands",10,0,0,0
1991,"W Midlands",10,0,0,0
1992,"W Midlands",10,0,0,0
1993,"W Midlands",10,0,0,0
1994,"W Midlands",10,0,0,0
1995,"W Midlands",10,0,0,0
1996,"W Midlands",10,0,0,0
1997,"W Midlands",10,0,0,0
1998,"W Midlands",10,0,0,0
1999,"W Midlands",10,0,0,0
2000,"W Midlands",10,0,0,0
2001,"W Midlands",10,0.736263736263736,4.32835820895522,31.9762850448267
2002,"W Midlands",10,0,0,0
2003,"W Midlands",10,0,0,0
2004,"W Midlands",10,0,0,0
2005,"W Midlands",10,0,0,0
2006,"W Midlands",10,0,0,0
2007,"W Midlands",10,0,0,0
2008,"W Midlands",10,0,0,0
2009,"W Midlands",10,0,0,0
2010,"W Midlands",10,0,0,0
2011,"W Midlands",10,0,0,0
2012,"W Midlands",10,0,0,0
2013,"W Midlands",10,0,0,0
2014,"W Midlands",10,0,0,0
2015,"W Midlands",10,0,0,0
2016,"W Midlands",10,0,0,0
2017,"W Midlands",10,0,0,0
2018,"W Midlands",10,0,0,0
2019,"W Midlands",10,0,0,0
2020,"W Midlands",10,0,0,0
2021,"W Midlands",10,0,0,0
2022,"W Midlands",10,0,0,0
2023,"W Midlands",10,0,0,0
2024,"W Midlands",10,0,0,0
2025,"W Midlands",10,0,0,0
2026,"W Midlands",10,0,0,0
2027,"W Midlands",10,0.835164835164835,4.53947368421053,31.7813368889323
2028,"W Midlands",10,0,0,0
2029,"W Midlands",10,0,0,0
2030,"W Midlands",10,0.208791208791209,3,32.3048052202191
2031,"W Midlands",10,0,0,0
2032,"W Midlands",10,0,0,0
2033,"W Midlands",10,0.340659340659341,3.70967741935484,31.4817542670875
2034,"W Midlands",10,0,0,0
2035,"W Midlands",10,0,0,0
2036,"W Midlands",10,0,0,0
2037,"W Midlands",10,0,0,0
2038,"W Midlands",10,0,0,0
2039,"W Midlands",10,0,0,0
2040,"W Midlands",10,0,0,0
2041,"W Midlands",10,0,0,0
2042,"W Midlands",10,0,0,0
2043,"W Midlands",10,0,0,0
2044,"W Midlands",10,0,0,0
2045,"W Midlands",10,0,0,0
2046,"W Midlands",10,0.0549450549450549,4,30.6670086860657
2047,"W Midlands",10,0,0,0
2048,"W Midlands",10,0,0,0
2049,"W Midlands",10,0,0,0
2050,"W Midlands",10,0,0,0
2051,"W Midlands",10,0,0,0
2052,"W Midlands",10,0,0,0
2053,"W Midlands",10,0,0,0
2054,"W Midlands",10,0,0,0
2055,"W Midlands",10,0,0,0
2056,"W Midlands",10,0,0,0
2057,"W Midlands",10,0,0,0
2058,"W Midlands",10,0,0,0
2059,"W Midlands",10,0,0,0
2060,"W Midlands",10,0,0,0
2061,"W Midlands",10,0,0,0
2062,"W Midlands",10,0.043956043956044,3,30.4275771776835
2063,"W Midlands",10,0,0,0
2064,"W Midlands",10,0,0,0
2065,"W Midlands",10,0,0,0
2066,"W Midlands",10,0,0,0
2067,"W Midlands",10,0.747252747252747,3,31.4407750064251
2068,"W Midlands",10,0,0,0
2069,"W Midlands",10,0,0,0
2070,"W Midlands",10,0,0,0
2071,"W Midlands",10,0.318681318681319,3,32.7234662483478
2072,"W Midlands",10,0,0,0
2073,"W Midlands",10,0,0,0
2074,"W Midlands",10,0,0,0
2075,"W Midlands",10,0,0,0
2076,"W Midlands",10,0,0,0
2077,"W Midlands",10,0.153846153846154,3,31.2103760810125
2078,"W Midlands",10,0,0,0
2079,"W Midlands",10,0,0,0
2080,"W Midlands",10,0,0,0
1980,"W Scotland",11,0,0,0
1981,"W Scotland",11,0,0,0
1982,"W Scotland",11,0,0,0
1983,"W Scotland",11,0,0,0
1984,"W Scotland",11,0,0,0
1985,"W Scotland",11,0,0,0
1986,"W Scotland",11,0,0,0
1987,"W Scotland",11,0,0,0
1988,"W Scotland",11,0,0,0
1989,"W Scotland",11,0,0,0
1990,"W Scotland",11,0,0,0
1991,"W Scotland",11,0,0,0
1992,"W Scotland",11,0,0,0
1993,"W Scotland",11,0,0,0
1994,"W Scotland",11,0,0,0
1995,"W Scotland",11,0,0,0
1996,"W Scotland",11,0,0,0
1997,"W Scotland",11,0,0,0
1998,"W Scotland",11,0,0,0
1999,"W Scotland",11,0,0,0
2000,"W Scotland",11,0,0,0
2001,"W Scotland",11,0.246268656716418,3.06060606060606,29.9613347679678
2002,"W Scotland",11,0,0,0
2003,"W Scotland",11,0,0,0
2004,"W Scotland",11,0,0,0
2005,"W Scotland",11,0,0,0
2006,"W Scotland",11,0,0,0
2007,"W Scotland",11,0,0,0
2008,"W Scotland",11,0,0,0
2009,"W Scotland",11,0,0,0
2010,"W Scotland",11,0,0,0
2011,"W Scotland",11,0,0,0
2012,"W Scotland",11,0,0,0
2013,"W Scotland",11,0,0,0
2014,"W Scotland",11,0,0,0
2015,"W Scotland",11,0,0,0
2016,"W Scotland",11,0,0,0
2017,"W Scotland",11,0,0,0
2018,"W Scotland",11,0,0,0
2019,"W Scotland",11,0.0149253731343284,3,29.2390200297038
2020,"W Scotland",11,0,0,0
2021,"W Scotland",11,0,0,0
2022,"W Scotland",11,0,0,0
2023,"W Scotland",11,0,0,0
2024,"W Scotland",11,0,0,0
2025,"W Scotland",11,0,0,0
2026,"W Scotland",11,0,0,0
2027,"W Scotland",11,0.753731343283582,4.76237623762376,30.0506955319636
2028,"W Scotland",11,0,0,0
2029,"W Scotland",11,0,0,0
2030,"W Scotland",11,0,0,0
2031,"W Scotland",11,0,0,0
2032,"W Scotland",11,0,0,0
2033,"W Scotland",11,0,0,0
2034,"W Scotland",11,0,0,0
2035,"W Scotland",11,0,0,0
2036,"W Scotland",11,0,0,0
2037,"W Scotland",11,0,0,0
2038,"W Scotland",11,0.0149253731343284,3,29.1808125178019
2039,"W Scotland",11,0,0,0
2040,"W Scotland",11,0,0,0
2041,"W Scotland",11,0,0,0
2042,"W Scotland",11,0,0,0
2043,"W Scotland",11,0,0,0
2044,"W Scotland",11,0,0,0
2045,"W Scotland",11,0,0,0
2046,"W Scotland",11,0,0,0
2047,"W Scotland",11,0,0,0
2048,"W Scotland",11,0,0,0
2049,"W Scotland",11,0,0,0
2050,"W Scotland",11,0,0,0
2051,"W Scotland",11,0,0,0
2052,"W Scotland",11,0,0,0
2053,"W Scotland",11,0,0,0
2054,"W Scotland",11,0,0,0
2055,"W Scotland",11,0,0,0
2056,"W Scotland",11,0,0,0
2057,"W Scotland",11,0,0,0
2058,"W Scotland",11,0.00746268656716418,3,28.0753326416016
2059,"W Scotland",11,0,0,0
2060,"W Scotland",11,0,0,0
2061,"W Scotland",11,0,0,0
2062,"W Scotland",11,0,0,0
2063,"W Scotland",11,0,0,0
2064,"W Scotland",11,0,0,0
2065,"W Scotland",11,0,0,0
2066,"W Scotland",11,0,0,0
2067,"W Scotland",11,0.365671641791045,3.3469387755102,30.4683740726134
2068,"W Scotland",11,0,0,0
2069,"W Scotland",11,0,0,0
2070,"W Scotland",11,0,0,0
2071,"W Scotland",11,0,0,0
2072,"W Scotland",11,0,0,0
2073,"W Scotland",11,0,0,0
2074,"W Scotland",11,0,0,0
2075,"W Scotland",11,0,0,0
2076,"W Scotland",11,0,0,0
2077,"W Scotland",11,0.0895522388059701,3,29.3601048787435
2078,"W Scotland",11,0,0,0
2079,"W Scotland",11,0.477611940298507,3.03125,30.0434873178601
2080,"W Scotland",11,0,0,0
1980,"Yorks & Humber",12,0,0,0
1981,"Yorks & Humber",12,0,0,0
1982,"Yorks & Humber",12,0,0,0
1983,"Yorks & Humber",12,0,0,0
1984,"Yorks & Humber",12,0,0,0
1985,"Yorks & Humber",12,0,0,0
1986,"Yorks & Humber",12,0,0,0
1987,"Yorks & Humber",12,0,0,0
1988,"Yorks & Humber",12,0,0,0
1989,"Yorks & Humber",12,0,0,0
1990,"Yorks & Humber",12,0,0,0
1991,"Yorks & Humber",12,0,0,0
1992,"Yorks & Humber",12,0,0,0
1993,"Yorks & Humber",12,0,0,0
1994,"Yorks & Humber",12,0,0,0
1995,"Yorks & Humber",12,0,0,0
1996,"Yorks & Humber",12,0,0,0
1997,"Yorks & Humber",12,0,0,0
1998,"Yorks & Humber",12,0,0,0
1999,"Yorks & Humber",12,0,0,0
2000,"Yorks & Humber",12,0,0,0
2001,"Yorks & Humber",12,0.925233644859813,3.87878787878788,31.7460235045012
2002,"Yorks & Humber",12,0,0,0
2003,"Yorks & Humber",12,0,0,0
2004,"Yorks & Humber",12,0,0,0
2005,"Yorks & Humber",12,0,0,0
2006,"Yorks & Humber",12,0,0,0
2007,"Yorks & Humber",12,0,0,0
2008,"Yorks & Humber",12,0,0,0
2009,"Yorks & Humber",12,0,0,0
2010,"Yorks & Humber",12,0,0,0
2011,"Yorks & Humber",12,0,0,0
2012,"Yorks & Humber",12,0,0,0
2013,"Yorks & Humber",12,0.0280373831775701,3,29.6511024898953
2014,"Yorks & Humber",12,0,0,0
2015,"Yorks & Humber",12,0,0,0
2016,"Yorks & Humber",12,0,0,0
2017,"Yorks & Humber",12,0,0,0
2018,"Yorks & Humber",12,0,0,0
2019,"Yorks & Humber",12,0.14018691588785,3.06666666666667,30.1159252484639
2020,"Yorks & Humber",12,0,0,0
2021,"Yorks & Humber",12,0,0,0
2022,"Yorks & Humber",12,0,0,0
2023,"Yorks & Humber",12,0,0,0
2024,"Yorks & Humber",12,0,0,0
2025,"Yorks & Humber",12,0.0373831775700935,3,30.786410967509
2026,"Yorks & Humber",12,0,0,0
2027,"Yorks & Humber",12,0.91588785046729,4.07142857142857,31.482558690934
2028,"Yorks & Humber",12,0,0,0
2029,"Yorks & Humber",12,0,0,0
2030,"Yorks & Humber",12,0,0,0
2031,"Yorks & Humber",12,0,0,0
2032,"Yorks & Humber",12,0,0,0
2033,"Yorks & Humber",12,0.0747663551401869,4,30.1264760196209
2034,"Yorks & Humber",12,0,0,0
2035,"Yorks & Humber",12,0,0,0
2036,"Yorks & Humber",12,0,0,0
2037,"Yorks & Humber",12,0,0,0
2038,"Yorks & Humber",12,0,0,0
2039,"Yorks & Humber",12,0,0,0
2040,"Yorks & Humber",12,0,0,0
2041,"Yorks & Humber",12,0,0,0
2042,"Yorks & Humber",12,0,0,0
2043,"Yorks & Humber",12,0,0,0
2044,"Yorks & Humber",12,0,0,0
2045,"Yorks & Humber",12,0,0,0
2046,"Yorks & Humber",12,0,0,0
2047,"Yorks & Humber",12,0,0,0
2048,"Yorks & Humber",12,0,0,0
2049,"Yorks & Humber",12,0,0,0
2050,"Yorks & Humber",12,0,0,0
2051,"Yorks & Humber",12,0,0,0
2052,"Yorks & Humber",12,0,0,0
2053,"Yorks & Humber",12,0,0,0
2054,"Yorks & Humber",12,0,0,0
2055,"Yorks & Humber",12,0,0,0
2056,"Yorks & Humber",12,0,0,0
2057,"Yorks & Humber",12,0,0,0
2058,"Yorks & Humber",12,0,0,0
2059,"Yorks & Humber",12,0,0,0
2060,"Yorks & Humber",12,0,0,0
2061,"Yorks & Humber",12,0,0,0
2062,"Yorks & Humber",12,0,0,0
2063,"Yorks & Humber",12,0,0,0
2064,"Yorks & Humber",12,0,0,0
2065,"Yorks & Humber",12,0,0,0
2066,"Yorks & Humber",12,0,0,0
2067,"Yorks & Humber",12,0.0747663551401869,3,30.9896198511124
2068,"Yorks & Humber",12,0,0,0
2069,"Yorks & Humber",12,0,0,0
2070,"Yorks & Humber",12,0,0,0
2071,"Yorks & Humber",12,0.00934579439252336,3,33.4277346928914
2072,"Yorks & Humber",12,0,0,0
2073,"Yorks & Humber",12,0,0,0
2074,"Yorks & Humber",12,0,0,0
2075,"Yorks & Humber",12,0,0,0
2076,"Yorks & Humber",12,0,0,0
2077,"Yorks & Humber",12,0.448598130841121,3.64583333333333,30.4799097710186
2078,"Yorks & Humber",12,0,0,0
2079,"Yorks & Humber",12,0,0,0
2080,"Yorks & Humber",12,0,0,0
1980,"Channel Islands",13,0,0,0
1981,"Channel Islands",13,0,0,0
1982,"Channel Islands",13,0,0,0
1983,"Channel Islands",13,0,0,0
1984,"Channel Islands",13,0,0,0
1985,"Channel Islands",13,0,0,0
1986,"Channel Islands",13,0,0,0
1987,"Channel Islands",13,0,0,0
1988,"Channel Islands",13,0,0,0
1989,"Channel Islands",13,0,0,0
1990,"Channel Islands",13,0,0,0
1991,"Channel Islands",13,0,0,0
1992,"Channel Islands",13,0,0,0
1993,"Channel Islands",13,0,0,0
1994,"Channel Islands",13,0,0,0
1995,"Channel Islands",13,0,0,0
1996,"Channel Islands",13,0,0,0
1997,"Channel Islands",13,0,0,0
1998,"Channel Islands",13,0,0,0
1999,"Channel Islands",13,0,0,0
2000,"Channel Islands",13,0,0,0
2001,"Channel Islands",13,0,0,0
2002,"Channel Islands",13,0,0,0
2003,"Channel Islands",13,0,0,0
2004,"Channel Islands",13,0,0,0
2005,"Channel Islands",13,0,0,0
2006,"Channel Islands",13,0,0,0
2007,"Channel Islands",13,0,0,0
2008,"Channel Islands",13,0,0,0
2009,"Channel Islands",13,0,0,0
2010,"Channel Islands",13,0,0,0
2011,"Channel Islands",13,0,0,0
2012,"Channel Islands",13,0,0,0
2013,"Channel Islands",13,0,0,0
2014,"Channel Islands",13,0,0,0
2015,"Channel Islands",13,0,0,0
2016,"Channel Islands",13,0,0,0
2017,"Channel Islands",13,0,0,0
2018,"Channel Islands",13,0,0,0
2019,"Channel Islands",13,0,0,0
2020,"Channel Islands",13,0,0,0
2021,"Channel Islands",13,0,0,0
2022,"Channel Islands",13,0,0,0
2023,"Channel Islands",13,0,0,0
2024,"Channel Islands",13,0,0,0
2025,"Channel Islands",13,0,0,0
2026,"Channel Islands",13,0,0,0
2027,"Channel Islands",13,0,0,0
2028,"Channel Islands",13,0,0,0
2029,"Channel Islands",13,0,0,0
2030,"Channel Islands",13,0,0,0
2031,"Channel Islands",13,0,0,0
2032,"Channel Islands",13,0,0,0
2033,"Channel Islands",13,0,0,0
2034,"Channel Islands",13,0,0,0
2035,"Channel Islands",13,0,0,0
2036,"Channel Islands",13,0,0,0
2037,"Channel Islands",13,0,0,0
2038,"Channel Islands",13,0,0,0
2039,"Channel Islands",13,0,0,0
2040,"Channel Islands",13,0,0,0
2041,"Channel Islands",13,0,0,0
2042,"Channel Islands",13,0,0,0
2043,"Channel Islands",13,0,0,0
2044,"Channel Islands",13,0,0,0
2045,"Channel Islands",13,0,0,0
2046,"Channel Islands",13,0,0,0
2047,"Channel Islands",13,0,0,0
2048,"Channel Islands",13,0,0,0
2049,"Channel Islands",13,0,0,0
2050,"Channel Islands",13,0,0,0
2051,"Channel Islands",13,0,0,0
2052,"Channel Islands",13,0,0,0
2053,"Channel Islands",13,0,0,0
2054,"Channel Islands",13,0,0,0
2055,"Channel Islands",13,0,0,0
2056,"Channel Islands",13,0,0,0
2057,"Channel Islands",13,0,0,0
2058,"Channel Islands",13,0,0,0
2059,"Channel Islands",13,0,0,0
2060,"Channel Islands",13,0,0,0
2061,"Channel Islands",13,0,0,0
2062,"Channel Islands",13,0,0,0
2063,"Channel Islands",13,0,0,0
2064,"Channel Islands",13,0,0,0
2065,"Channel Islands",13,0,0,0
2066,"Channel Islands",13,0,0,0
2067,"Channel Islands",13,0,0,0
2068,"Channel Islands",13,0,0,0
2069,"Channel Islands",13,0,0,0
2070,"Channel Islands",13,0,0,0
2071,"Channel Islands",13,0,0,0
2072,"Channel Islands",13,0,0,0
2073,"Channel Islands",13,0,0,0
2074,"Channel Islands",13,0,0,0
2075,"Channel Islands",13,0,0,0
2076,"Channel Islands",13,0,0,0
2077,"Channel Islands",13,0,0,0
2078,"Channel Islands",13,0,0,0
2079,"Channel Islands",13,0,0,0
2080,"Channel Islands",13,0,0,0
1980,"Isle of Man",14,0,0,0
1981,"Isle of Man",14,0,0,0
1982,"Isle of Man",14,0,0,0
1983,"Isle of Man",14,0,0,0
1984,"Isle of Man",14,0,0,0
1985,"Isle of Man",14,0,0,0
1986,"Isle of Man",14,0,0,0
1987,"Isle of Man",14,0,0,0
1988,"Isle of Man",14,0,0,0
1989,"Isle of Man",14,0,0,0
1990,"Isle of Man",14,0,0,0
1991,"Isle of Man",14,0,0,0
1992,"Isle of Man",14,0,0,0
1993,"Isle of Man",14,0,0,0
1994,"Isle of Man",14,0,0,0
1995,"Isle of Man",14,0,0,0
1996,"Isle of Man",14,0,0,0
1997,"Isle of Man",14,0,0,0
1998,"Isle of Man",14,0,0,0
1999,"Isle of Man",14,0,0,0
2000,"Isle of Man",14,0,0,0
2001,"Isle of Man",14,0,0,0
2002,"Isle of Man",14,0,0,0
2003,"Isle of Man",14,0,0,0
2004,"Isle of Man",14,0,0,0
2005,"Isle of Man",14,0,0,0
2006,"Isle of Man",14,0,0,0
2007,"Isle of Man",14,0,0,0
2008,"Isle of Man",14,0,0,0
2009,"Isle of Man",14,0,0,0
2010,"Isle of Man",14,0,0,0
2011,"Isle of Man",14,0,0,0
2012,"Isle of Man",14,0,0,0
2013,"Isle of Man",14,0,0,0
2014,"Isle of Man",14,0,0,0
2015,"Isle of Man",14,0,0,0
2016,"Isle of Man",14,0,0,0
2017,"Isle of Man",14,0,0,0
2018,"Isle of Man",14,0,0,0
2019,"Isle of Man",14,0,0,0
2020,"Isle of Man",14,0,0,0
2021,"Isle of Man",14,0,0,0
2022,"Isle of Man",14,0,0,0
2023,"Isle of Man",14,0,0,0
2024,"Isle of Man",14,0,0,0
2025,"Isle of Man",14,0,0,0
2026,"Isle of Man",14,0,0,0
2027,"Isle of Man",14,0,0,0
2028,"Isle of Man",14,0,0,0
2029,"Isle of Man",14,0,0,0
2030,"Isle of Man",14,0,0,0
2031,"Isle of Man",14,0,0,0
2032,"Isle of Man",14,0,0,0
2033,"Isle of Man",14,0,0,0
2034,"Isle of Man",14,0,0,0
2035,"Isle of Man",14,0,0,0
2036,"Isle of Man",14,0,0,0
2037,"Isle of Man",14,0,0,0
2038,"Isle of Man",14,0,0,0
2039,"Isle of Man",14,0,0,0
2040,"Isle of Man",14,0,0,0
2041,"Isle of Man",14,0,0,0
2042,"Isle of Man",14,0,0,0
2043,"Isle of Man",14,0,0,0
2044,"Isle of Man",14,0,0,0
2045,"Isle of Man",14,0,0,0
2046,"Isle of Man",14,0,0,0
2047,"Isle of Man",14,0,0,0
2048,"Isle of Man",14,0,0,0
2049,"Isle of Man",14,0,0,0
2050,"Isle of Man",14,0,0,0
2051,"Isle of Man",14,0,0,0
2052,"Isle of Man",14,0,0,0
2053,"Isle of Man",14,0,0,0
2054,"Isle of Man",14,0,0,0
2055,"Isle of Man",14,0,0,0
2056,"Isle of Man",14,0,0,0
2057,"Isle of Man",14,0,0,0
2058,"Isle of Man",14,0,0,0
2059,"Isle of Man",14,0,0,0
2060,"Isle of Man",14,0,0,0
2061,"Isle of Man",14,0,0,0
2062,"Isle of Man",14,0,0,0
2063,"Isle of Man",14,0,0,0
2064,"Isle of Man",14,0,0,0
2065,"Isle of Man",14,0,0,0
2066,"Isle of Man",14,0,0,0
2067,"Isle of Man",14,0,0,0
2068,"Isle of Man",14,0,0,0
2069,"Isle of Man",14,0,0,0
2070,"Isle of Man",14,0,0,0
2071,"Isle of Man",14,0,0,0
2072,"Isle of Man",14,0,0,0
2073,"Isle of Man",14,0,0,0
2074,"Isle of Man",14,0,0,0
2075,"Isle of Man",14,0,0,0
2076,"Isle of Man",14,0,0,0
2077,"Isle of Man",14,0,0,0
2078,"Isle of Man",14,0,0,0
2079,"Isle of Man",14,0,0,0
2080,"Isle of Man",14,0,0,0
1980,"N Ireland",15,0,0,0
1981,"N Ireland",15,0,0,0
1982,"N Ireland",15,0,0,0
1983,"N Ireland",15,0,0,0
1984,"N Ireland",15,0,0,0
1985,"N Ireland",15,0,0,0
1986,"N Ireland",15,0,0,0
1987,"N Ireland",15,0,0,0
1988,"N Ireland",15,0,0,0
1989,"N Ireland",15,0,0,0
1990,"N Ireland",15,0,0,0
1991,"N Ireland",15,0,0,0
1992,"N Ireland",15,0,0,0
1993,"N Ireland",15,0,0,0
1994,"N Ireland",15,0,0,0
1995,"N Ireland",15,0,0,0
1996,"N Ireland",15,0,0,0
1997,"N Ireland",15,0,0,0
1998,"N Ireland",15,0,0,0
1999,"N Ireland",15,0,0,0
2000,"N Ireland",15,0,0,0
2001,"N Ireland",15,0,0,0
2002,"N Ireland",15,0,0,0
2003,"N Ireland",15,0,0,0
2004,"N Ireland",15,0,0,0
2005,"N Ireland",15,0,0,0
2006,"N Ireland",15,0,0,0
2007,"N Ireland",15,0,0,0
2008,"N Ireland",15,0,0,0
2009,"N Ireland",15,0,0,0
2010,"N Ireland",15,0,0,0
2011,"N Ireland",15,0,0,0
2012,"N Ireland",15,0,0,0
2013,"N Ireland",15,0,0,0
2014,"N Ireland",15,0,0,0
2015,"N Ireland",15,0,0,0
2016,"N Ireland",15,0,0,0
2017,"N Ireland",15,0,0,0
2018,"N Ireland",15,0,0,0
2019,"N Ireland",15,0,0,0
2020,"N Ireland",15,0,0,0
2021,"N Ireland",15,0,0,0
2022,"N Ireland",15,0,0,0
2023,"N Ireland",15,0,0,0
2024,"N Ireland",15,0,0,0
2025,"N Ireland",15,0,0,0
2026,"N Ireland",15,0,0,0
2027,"N Ireland",15,0.8,4.16666666666667,29.8900477519742
2028,"N Ireland",15,0,0,0
2029,"N Ireland",15,0,0,0
2030,"N Ireland",15,0,0,0
2031,"N Ireland",15,0,0,0
2032,"N Ireland",15,0,0,0
2033,"N Ireland",15,0,0,0
2034,"N Ireland",15,0,0,0
2035,"N Ireland",15,0,0,0
2036,"N Ireland",15,0,0,0
2037,"N Ireland",15,0,0,0
2038,"N Ireland",15,0,0,0
2039,"N Ireland",15,0,0,0
2040,"N Ireland",15,0,0,0
2041,"N Ireland",15,0,0,0
2042,"N Ireland",15,0,0,0
2043,"N Ireland",15,0,0,0
2044,"N Ireland",15,0,0,0
2045,"N Ireland",15,0,0,0
2046,"N Ireland",15,0,0,0
2047,"N Ireland",15,0,0,0
2048,"N Ireland",15,0,0,0
2049,"N Ireland",15,0,0,0
2050,"N Ireland",15,0,0,0
2051,"N Ireland",15,0,0,0
2052,"N Ireland",15,0,0,0
2053,"N Ireland",15,0,0,0
2054,"N Ireland",15,0,0,0
2055,"N Ireland",15,0,0,0
2056,"N Ireland",15,0,0,0
2057,"N Ireland",15,0,0,0
2058,"N Ireland",15,0,0,0
2059,"N Ireland",15,0,0,0
2060,"N Ireland",15,0,0,0
2061,"N Ireland",15,0,0,0
2062,"N Ireland",15,0,0,0
2063,"N Ireland",15,0,0,0
2064,"N Ireland",15,0,0,0
2065,"N Ireland",15,0,0,0
2066,"N Ireland",15,0,0,0
2067,"N Ireland",15,0.0777777777777778,3.42857142857143,29.1391413438888
2068,"N Ireland",15,0,0,0
2069,"N Ireland",15,0,0,0
2070,"N Ireland",15,0,0,0
2071,"N Ireland",15,0,0,0
2072,"N Ireland",15,0,0,0
2073,"N Ireland",15,0,0,0
2074,"N Ireland",15,0,0,0
2075,"N Ireland",15,0,0,0
2076,"N Ireland",15,0,0,0
2077,"N Ireland",15,0,0,0
2078,"N Ireland",15,0,0,0
2079,"N Ireland",15,0,0,0
2080,"N Ireland",15,0,0,0
1980,"Wales",16,0,0,0
1981,"Wales",16,0,0,0
1982,"Wales",16,0,0,0
1983,"Wales",16,0,0,0
1984,"Wales",16,0,0,0
1985,"Wales",16,0,0,0
1986,"Wales",16,0,0,0
1987,"Wales",16,0,0,0
1988,"Wales",16,0,0,0
1989,"Wales",16,0,0,0
1990,"Wales",16,0,0,0
1991,"Wales",16,0,0,0
1992,"Wales",16,0,0,0
1993,"Wales",16,0,0,0
1994,"Wales",16,0,0,0
1995,"Wales",16,0,0,0
1996,"Wales",16,0,0,0
1997,"Wales",16,0,0,0
1998,"Wales",16,0,0,0
1999,"Wales",16,0,0,0
2000,"Wales",16,0,0,0
2001,"Wales",16,0.0774647887323944,3.27272727272727,31.8007152875265
2002,"Wales",16,0,0,0
2003,"Wales",16,0,0,0
2004,"Wales",16,0,0,0
2005,"Wales",16,0,0,0
2006,"Wales",16,0,0,0
2007,"Wales",16,0,0,0
2008,"Wales",16,0,0,0
2009,"Wales",16,0,0,0
2010,"Wales",16,0,0,0
2011,"Wales",16,0,0,0
2012,"Wales",16,0,0,0
2013,"Wales",16,0,0,0
2014,"Wales",16,0,0,0
2015,"Wales",16,0,0,0
2016,"Wales",16,0,0,0
2017,"Wales",16,0,0,0
2018,"Wales",16,0,0,0
2019,"Wales",16,0,0,0
2020,"Wales",16,0,0,0
2021,"Wales",16,0,0,0
2022,"Wales",16,0,0,0
2023,"Wales",16,0,0,0
2024,"Wales",16,0,0,0
2025,"Wales",16,0,0,0
2026,"Wales",16,0,0,0
2027,"Wales",16,0.0633802816901408,3.77777777777778,31.1040806664361
2028,"Wales",16,0,0,0
2029,"Wales",16,0,0,0
2030,"Wales",16,0.00704225352112676,3,31.9277038574219
2031,"Wales",16,0,0,0
2032,"Wales",16,0,0,0
2033,"Wales",16,0.0140845070422535,3,30.7366224924723
2034,"Wales",16,0,0,0
2035,"Wales",16,0,0,0
2036,"Wales",16,0,0,0
2037,"Wales",16,0,0,0
2038,"Wales",16,0,0,0
2039,"Wales",16,0,0,0
2040,"Wales",16,0,0,0
2041,"Wales",16,0,0,0
2042,"Wales",16,0,0,0
2043,"Wales",16,0,0,0
2044,"Wales",16,0,0,0
2045,"Wales",16,0,0,0
2046,"Wales",16,0,0,0
2047,"Wales",16,0,0,0
2048,"Wales",16,0,0,0
2049,"Wales",16,0,0,0
2050,"Wales",16,0,0,0
2051,"Wales",16,0,0,0
2052,"Wales",16,0,0,0
2053,"Wales",16,0,0,0
2054,"Wales",16,0,0,0
2055,"Wales",16,0,0,0
2056,"Wales",16,0,0,0
2057,"Wales",16,0,0,0
2058,"Wales",16,0,0,0
2059,"Wales",16,0,0,0
2060,"Wales",16,0,0,0
2061,"Wales",16,0,0,0
2062,"Wales",16,0,0,0
2063,"Wales",16,0.00704225352112676,3,30.4578542709351
2064,"Wales",16,0,0,0
2065,"Wales",16,0,0,0
2066,"Wales",16,0,0,0
2067,"Wales",16,0.154929577464789,3.13636363636364,31.0535983425198
2068,"Wales",16,0,0,0
2069,"Wales",16,0,0,0
2070,"Wales",16,0,0,0
2071,"Wales",16,0,0,0
2072,"Wales",16,0,0,0
2073,"Wales",16,0,0,0
2074,"Wales",16,0,0,0
2075,"Wales",16,0,0,0
2076,"Wales",16,0,0,0
2077,"Wales",16,0,0,0
2078,"Wales",16,0,0,0
2079,"Wales",16,0,0,0
2080,"Wales",16,0,0,0
